"","min_x","mlogx","slogx","min_x.1","mlogx.1","slogx.1","min_x.2","mlogx.2","slogx.2","min_x.3","mlogx.3","slogx.3","min_x.4","mlogx.4","slogx.4"
"1",0.03,-0.420823111672067,0.432396293645916,25.24,2.26719269979208,0.164668945043364,0.133333333333333,1.59692456432035,0.834939698295592,3.22,3.00261442164799,0.826500941953092,0.001,0.00975511566238601,0.925413088415956
